1.45628	1.45628	2.53324	1.54659	-0.275046	0.686044	1.15296	0.0487256	-0.774335	0.408282	-0.52043	-0.924292	-1.50026	0.0930311	-0.857834	-0.165986	-0.57496	0.115184	0.686044	-0.0756707	0.00442005	0.883715	0.766135	0.367385	-0.999271	-0.44886	0.387833	0.754206	-0.559624	-0.174506	-0.355136	-0.743662	-1.59228	-0.844201	-0.953261	-0.453972	-1.54798	-0.859538	-1.66215	-1.30771	-2.34207	-1.00097	0.454292	1.41027	-1.33497	0.122	0.0521337	-0.365361	-1.35883	0.442363	-0.79308	0.752502	-0.695948	0.319671	-0.661867	-0.119976	-0.881691	0.39465	-0.118272	-0.183026	-0.573256	-1.15264	-0.733438	-0.997567	-1.67919	-0.961782	-1.11344	-0.678908	-1.83426	0.0538378	-0.835681	-1.54798	-1.30771	-0.40285	-0.505094	0.498597	-0.687428	0.745686	0.249805	0.970622	0.52075	1.74767	0.737166	1.14614	-0.162578	1.06946	1.57556	1.51422	1.51933	-0.661867	0.432139	-0.0995276	-0.304015	0.513934	1.58408	2.44122	1.61135	2.42589	0.941653	0.183346	1.46821	0.882011	-0.23926	0.580392	-0.375585	-0.344912	1.30973	0.948469	-0.353432	1.08536	0.660483	0.953581	0.101551	0.599137	-0.370473	0.169714	-1.55139	0.159489	-1.19353
-0.0111507	-0.0111507	0.132742	-0.489815	-0.902896	-0.263698	-0.585744	0.874722	-0.185389	-0.450661	0.580083	-0.266634	-1.09769	0.101419	0.00451114	-0.462407	-0.634687	0.222798	0.783687	0.2042	-0.823608	1.07343	0.858081	1.20264	-0.139382	0.934432	0.671118	0.561485	-0.841228	-0.397802	0.478282	-0.324387	-1.3336	-0.953797	-0.469259	-0.283275	-0.269571	0.161129	1.36807	0.0221307	-0.883319	0.0544332	-0.557357	-0.771728	-1.07811	-0.386056	-0.122741	-0.0512841	-0.859826	0.0338771	0.399972	0.197347	-1.50196	-1.2406	-1.55678	-1.49609	-2.94872	-2.09613	-1.2132	-2.07264	-2.31931	-1.3287	-1.18089	-1.38939	-1.67914	-1.46183	-1.53426	-0.583786	-2.01293	-0.866678	0.510584	-0.144276	0.248248	0.245312	0.438148	1.48162	0.22084	-0.586723	0.459683	1.12825	0.633921	1.72927	1.87904	0.989249	0.856123	0.251185	0.438148	0.719082	-0.0845655	0.740617	0.278593	1.19187	1.3945	1.001	1.08714	0.830673	-0.651328	-0.11491	0.149383	0.722019	0.259016	1.50609	1.74983	1.28193	-0.194198	2.70618	0.889405	0.767047	0.106313	0.189109	-0.052263	-0.344944	-0.348859	0.693632	1.4826	1.19775	1.30249	1.45715	0.779772
0.245161	0.245161	1.64382	1.08788	-0.0519632	0.117822	1.14378	0.818704	1.11893	0.439793	1.61483	0.810422	0.208926	1.78358	0.677906	0.353865	-1.01788	-1.6877	-0.926771	-1.02098	-2.44138	-1.09759	-0.86569	-1.22286	-1.24357	-1.71255	-0.248666	-0.910207	-0.906066	0.245161	1.62725	1.15103	1.06924	0.620966	1.09409	0.515368	-0.0509279	-0.311817	0.0225767	-0.859478	0.210997	1.14067	0.779363	0.726564	1.81774	0.828021	0.235844	0.514333	-0.636894	1.39432	0.775222	0.50398	-0.0643865	0.741058	1.37361	1.8136	0.0256825	-0.066457	-0.851196	-0.550966	-1.23114	-1.25081	-0.184478	-1.16281	-0.597554	-0.871902	0.48638	-0.30457	-1.36883	-0.637929	-0.502308	-0.60273	-0.804609	-0.950583	-1.25806	-2.0076	-1.70737	-0.975429	-0.163773	-0.71454	-1.08724	-0.507485	-0.783903	-1.01373	-1.75603	-0.395675	0.502945	-0.538543	-0.431909	0.883926	1.21107	1.18416	0.285537	-0.143067	0.524685	0.538144	-0.20829	-0.797362	-1.03444	-0.579954	-2.0459	-0.00434047	-0.025046	-0.0757745	0.438758	1.90057	1.42952	0.924302	-0.456756	-0.326398	-0.106833	0.313489	-0.740422	0.753481	1.31253	0.376641	0.565061	1.16552	2.76813
1.83223	1.83223	1.25989	1.47915	1.80803	0.909657	2.08993	-0.316172	-0.626545	-0.91129	0.489658	0.0710817	0.791488	0.513861	0.119488	0.0240987	-0.70485	-0.622274	-0.62085	-1.40105	-2.47739	-2.11149	-2.04315	-1.3797	-2.32932	-0.451426	0.323081	0.202065	0.0511495	-0.186613	0.745928	0.829928	0.770132	1.38376	2.09847	-0.432918	0.771556	1.54749	0.866945	0.227692	-0.558206	-0.478477	-0.121122	-0.274884	0.120912	-0.242138	0.23481	1.13176	0.139421	0.407081	1.33678	0.431285	-0.316172	-0.518341	0.313115	0.132302	-0.505528	0.65481	-0.092647	-0.227901	-0.263494	-0.338952	-0.112579	0.660505	-0.417257	-1.32702	-0.314748	0.360098	0.209183	1.15311	-0.242138	0.462607	-0.630816	0.683284	-0.321867	-1.92214	-0.684918	-1.07644	-1.09353	-0.646477	-2.69949	-2.08729	-0.938341	0.0141326	0.155082	-0.563901	-0.269189	0.560844	0.278946	0.224844	-0.203698	-0.38024	-0.219359	0.950945	1.90627	0.913928	-0.539697	0.694674	0.428437	-1.03231	-0.99529	-0.63224	0.129455	-0.524036	-1.54343	-0.854341	-0.578138	0.149387	0.01698	1.31079	2.53698	1.89488	0.627759	-0.225054	1.22288	-0.0897995	-0.444308	-0.58668	-0.737595
-0.796605	-0.796605	1.25965	0.585588	1.50884	1.12699	2.7512	2.37831	2.15422	1.23097	0.494159	-0.316154	-1.63202	-1.37207	0.610686	0.48878	0.517464	1.43534	0.366875	0.30413	-1.25913	-0.409376	-0.538452	-0.929266	-0.923888	-1.33084	0.169675	0.590966	0.987158	-0.244445	0.268275	0.2127	-0.253408	-0.789434	0.711078	0.678809	-0.680077	-0.884448	0.14637	2.30123	0.0710751	-0.909546	0.167882	-1.07986	-2.02641	-1.42227	-1.52266	0.0567333	-0.221139	-0.706968	1.0015	0.270068	-1.09778	-0.328703	-1.02607	-1.94574	-2.13756	-1.23582	-0.62271	0.273653	0.0172933	0.2127	0.0890023	-1.33084	-0.145845	0.0047442	-0.156601	-0.106405	-0.925681	-0.862935	0.295166	-1.12288	-0.845008	-0.429096	-1.00456	-1.06731	0.399144	-0.436267	0.151748	-0.85935	-0.16915	-0.640637	1.23455	-0.185285	-0.300019	-0.454194	0.320264	0.806093	0.0603187	0.840155	2.37831	0.655504	-1.1193	-0.368143	0.775617	0.097966	0.54794	-0.974084	0.949511	1.63433	2.05921	1.01943	0.467268	-0.104612	-1.02787	0.556904	0.788166	-0.516939	-0.880863	-0.986484	2.2582	0.906486	0.709286	-0.466743	-0.108198	-0.199627	0.0405987	0.621442	1.21663
-0.198911	-0.198911	-0.392017	-0.929164	0.704473	0.114055	2.10505	0.84209	1.3748	1.52351	1.58344	0.0585649	0.0785415	0.611249	0.580175	0.251672	-1.39084	0.0474668	-0.063514	0.218377	1.89419	0.700034	0.944192	0.977486	0.788819	0.360433	1.95856	1.65447	0.187303	-1.17554	0.473633	-0.196691	-0.804866	-0.687226	-1.02017	-0.798207	0.684497	0.26277	0.304942	1.09735	-0.20113	-0.574026	0.444778	-0.95358	-0.243303	-1.76818	-1.76596	-3.05112	-0.813744	-0.946921	-1.21106	-1.23325	-0.731619	-0.329868	0.32048	-0.183373	0.31826	-0.214448	-0.329868	-0.951361	0.0962984	-1.1822	0.582394	-0.776011	-0.383139	0.398166	1.1151	-0.702763	-1.19552	-0.298793	0.597932	-0.502998	-1.54178	0.269428	-0.476363	-0.600661	-1.11561	-1.78594	-0.356503	1.03742	-0.334307	0.859846	1.55681	0.287185	0.817674	0.815454	-0.303233	-0.613979	-0.700544	-0.511876	1.54793	0.910898	1.18169	1.39255	1.10844	0.979706	1.59454	0.984145	2.68215	0.340456	0.342676	0.380409	0.342676	0.777721	0.118495	0.979706	-1.37753	-1.70159	-1.15778	-0.995383	-1.0912	-1.23547	-0.975776	-1.97682	-0.758254	-0.516316	0.216158	0.615689	0.131812
-0.299522	-0.299522	-0.984692	-1.50185	-0.27327	-0.525287	2.03951	-0.212891	0.123131	0.215012	1.72449	1.72449	1.35959	1.17583	1.33596	-0.102634	-0.12101	0.285892	1.00519	0.165134	2.63542	1.72711	2.26527	0.797801	1.66673	1.34121	1.74811	0.963187	0.986814	-0.252269	-0.428155	-0.564664	-0.569915	-0.7248	0.708545	-0.417655	-0.848183	-1.84312	0.488031	0.238639	-0.598792	-1.788	-0.00812738	-0.35465	-0.0895078	0.0391258	-0.845558	-1.66461	-0.711674	-1.11333	-0.454407	-0.764178	-0.454407	0.204512	0.10738	0.771549	0.257015	-0.357276	0.25439	-1.20521	-0.979442	-0.399278	-0.672296	1.15482	-0.898061	-0.787804	0.984189	0.425026	1.02619	0.524783	1.17845	0.133632	0.390899	0.0365006	-0.911187	-0.934814	0.180885	-0.304772	-0.0658812	0.380398	-0.879685	0.0154992	-0.522662	0.317394	1.23358	0.719046	2.37553	0.383024	0.713796	-0.509536	-0.0343791	1.11545	0.978938	0.845054	0.306894	0.212387	-0.0186281	-0.241768	-1.49398	-0.737926	0.600913	0.876556	0.398775	-0.228642	1.01307	-0.950565	-0.118385	-1.59373	-1.59898	-2.75822	-2.02164	-1.33647	-1.59373	-1.28659	-0.632919	-0.992568	-0.320523	-0.556789	-0.11576
-0.323562	-0.323562	-0.640501	-0.0541633	0.849114	0.639142	0.0844978	-0.264136	0.460863	-0.0660485	0.143924	2.08122	1.73655	0.864961	1.24133	3.04392	3.40048	2.07329	1.55034	-0.121513	1.71277	0.734224	1.85144	1.17794	1.66523	-0.196786	1.18982	1.45922	2.27534	-0.0541633	0.338049	-0.624654	0.971928	-0.466185	-0.0858572	-0.874244	-1.09214	-1.79337	-1.05648	-0.949517	-0.414682	-0.303753	-0.541458	-1.91222	0.896655	1.07493	0.36182	-0.806895	0.7263	-0.616731	-0.66031	-0.398835	-0.133398	-0.50184	-0.188863	-0.63654	0.647065	-0.279983	0.532175	-0.113589	0.983814	-0.026431	-0.291868	-0.616731	-0.307715	0.536137	-0.921785	-0.0303928	-0.0383163	-0.810856	1.07493	0.694606	-1.00894	-1.24665	0.353896	0.147886	-1.1793	0.623295	0.551984	0.357858	0.345973	-0.747468	0.163733	-0.224518	1.39584	-0.105666	0.124115	-0.743507	0.488596	0.227121	1.42357	-0.165092	-1.12383	-1.1278	-0.482032	-1.1793	-0.00266058	-1.15949	-0.75143	-0.50184	-1.32588	-0.335447	0.151847	-1.35758	-0.529573	0.250891	0.0726126	-1.76167	-0.402797	-0.91023	-0.438452	-1.53982	0.147886	-0.890091	-0.783124	-0.921785	-1.53982	-0.192824	-1.68244
-0.579411	-0.579411	-0.253809	-1.13128	0.0441997	0.849927	0.827853	0.436026	-0.640117	-0.695304	0.33669	0.689886	1.11482	1.95918	1.98678	0.778184	2.93599	1.61151	0.518806	0.0166063	-0.110323	-0.0496179	0.71196	0.424989	0.612624	0.612624	1.56184	1.60599	3.57064	1.28038	1.24175	0.41947	2.38964	-0.314515	-1.06506	-1.41825	-0.71186	-1.60037	-1.37962	0.022125	0.110424	-0.325552	-0.226216	-0.08273	-0.744972	-0.297959	-0.115842	0.645736	0.971338	1.39076	-1.34099	-0.932607	-0.949163	-0.750491	-1.27477	0.0441997	0.518806	0.132499	-0.176548	-0.0716926	0.789222	0.474657	0.358765	0.734035	0.0828305	-0.849827	-0.297959	-0.24829	-1.29132	-0.618042	-0.882939	-1.76593	-0.998831	0.79474	0.0331623	0.447063	0.275984	0.430507	0.789222	0.734035	1.85433	1.24727	0.960301	-0.954682	-0.148954	-0.982275	0.325652	-0.0330619	1.88192	0.860965	-0.87742	-0.838789	-0.204141	-1.05954	-0.491112	-1.44033	-0.927088	-1.19199	-0.866383	-1.34651	-1.3134	-1.88734	-1.04298	0.551918	0.281503	-0.62908	-0.364183	-0.971238	0.115943	-0.381199	0.160092	-0.750491	-0.79464	-1.01539	-0.24829	-0.0330619	-0.717378	0.187685	-0.463519
0.364561	0.364561	0.621332	0.691361	0.212832	-0.627511	0.166146	0.341218	2.32536	2.06859	-0.183997	-0.242354	1.2049	-0.347397	1.54337	0.831418	1.22825	1.66009	0.0260891	1.21657	0.773061	-0.919297	-0.965982	0.703032	3.31743	-0.627511	2.06859	0.808075	5.80345	1.22825	0.364561	1.45	1.33329	0.0727748	-0.732554	0.224503	-0.94264	-0.440768	-0.475782	-0.627511	-0.545811	0.0844462	-0.545811	-0.592497	-0.300711	-0.335725	-0.347397	-0.242354	-0.53414	0.656346	-0.12564	-0.767568	-0.69754	0.0611034	-0.230682	-0.195668	-0.37074	-0.77924	0.236175	0.574646	1.52003	-0.499125	-0.148982	-0.557482	0.329546	0.0144176	-0.230682	-0.965982	-0.569154	-0.965982	-0.965982	-0.720882	-0.604168	-0.802582	-0.650854	-0.592497	0.668018	-0.685868	0.457932	-0.522468	0.189489	0.434589	0.224503	-0.160654	0.0961177	-0.965982	-0.335725	-0.0906252	0.994818	2.32536	0.481275	-0.790911	-0.148982	-0.895954	-0.569154	-0.464111	-0.755897	-0.895954	-0.45244	-0.965982	-0.545811	-0.965982	-0.522468	-0.37074	-0.324054	-0.475782	-0.674197	-0.359068	-0.242354	-0.930968	-0.113968	-0.965982	-0.965982	-0.872611	-0.895954	-0.382411	-0.312382	-0.755897	-0.965982
0.886277	0.886277	0.701479	0.709164	0.441223	0.183762	-0.117365	-0.489059	-0.80416	-0.891145	-1.04171	-0.992103	-1.08398	-1.11612	-0.873329	-0.826867	-0.876822	-0.647658	-0.640322	-0.434213	-0.525739	-0.37308	0.00560088	0.327689	0.859029	1.25029	1.52521	1.48714	1.56294	2.12922	2.64344	2.28991	1.21535	0.754578	0.978153	1.28068	1.5039	1.40609	1.17343	0.671086	0.00280619	-0.205748	-0.500238	-0.877172	-1.06022	-1.11472	-1.19856	-1.05743	-1.27437	-1.12136	-1.06057	-1.19297	-1.17376	-1.16468	-1.07001	-1.03053	-0.799619	-0.412205	-0.332906	-0.172211	-0.0551836	0.259918	0.397556	0.370308	-0.138675	-0.667919	-1.26284	-1.36939	-1.13848	-1.14162	-1.19716	-1.04835	-1.08922	-1.19053	-1.09725	-1.23908	-1.36589	-1.14232	-0.613772	-0.43596	-0.345133	-0.0775411	0.478602	0.454149	0.400351	0.324195	0.151274	0.275638	0.114594	0.0237664	-0.514211	-0.754205	-0.950183	-0.748965	-0.792283	-0.706346	-0.545652	0.172584	0.875099	1.69813	1.37849	2.08066	1.86826	1.72643	1.4805	1.75578	1.55106	0.994572	0.17433	-0.207116	0.104114	0.392316	0.419215	0.849946	0.879989	0.636851	0.676326	0.446463	0.102018
1.4427	1.4427	1.24912	1.03647	0.350205	0.145059	0.162259	0.193687	0.166011	0.0734455	-0.162347	-0.379845	-0.915382	-0.933207	-0.867535	-0.789042	-0.936491	-0.913036	-0.845958	-0.605474	-0.510719	-0.466469	-0.292127	-0.221451	-0.351544	0.338165	1.05539	1.28884	1.50055	1.91288	1.9135	2.14585	2.27391	2.28721	2.07784	1.51744	0.859003	0.440112	-0.172041	-0.441452	-0.836107	-1.11521	-1.34616	-1.27329	-1.68781	-1.61994	-1.43513	-1.57835	-1.67874	-1.17666	-0.611416	-0.168289	0.00605384	0.333787	0.641036	0.840709	0.983936	1.14655	0.988783	1.01333	0.679657	0.673403	0.309082	0.0657838	-0.0632141	0.104874	0.250603	0.0645329	-0.115126	-0.367962	-0.699447	-1.00138	-1.46327	-1.42934	-1.01483	-1.02452	-0.955098	-0.576235	-0.832823	-0.990435	-1.21169	-1.16822	-1.06846	-1.00341	-1.07409	-0.854245	-0.970577	-0.98465	-1.08707	-0.824536	-0.352795	-0.371558	-0.686313	-0.451771	-0.0847919	-0.115439	-0.373434	-0.311672	-0.158594	0.104874	0.106594	0.414156	0.849153	0.959231	0.684504	0.971114	1.31057	1.47694	1.53417	1.87733	1.9479	1.41018	0.733289	0.319558	0.0218463	-0.0553961	-0.39767	-0.137173	-0.0874501
0.524631	0.524631	-0.337438	-0.409277	0.584803	1.17732	0.905623	0.249248	-0.213715	-0.180866	0.400294	0.839003	0.77883	0.358541	0.173417	-0.418487	-0.515501	-0.335289	-0.416338	-0.271432	-0.654267	-0.430768	0.0257482	0.887817	1.13434	1.13127	0.726947	0.976848	0.2428	-0.00587329	-1.07364	-1.13074	-1.46783	-0.546201	0.0438614	0.490553	0.744753	1.27863	1.84352	1.79809	1.38455	1.29675	1.27065	0.911763	0.352708	0.229906	0.623179	0.928956	0.720807	0.337051	-0.41511	-1.10034	-1.13504	-0.573832	-0.26345	-0.6601	-1.21639	-1.23758	-1.05491	-1.14609	-1.08315	-0.846452	-0.389322	-0.0712653	-0.329763	0.722342	0.68765	0.434371	-0.231522	-0.137271	0.200741	0.771769	1.02536	1.19267	0.284553	-0.759262	-1.95382	-2.08614	-2.01737	-1.9397	-1.94092	-1.9093	-1.74198	-1.93325	-2.23503	-1.99772	-1.33244	-1.06228	-1.1599	-1.08346	-0.669003	-0.513966	-0.0764843	0.350866	0.711289	1.35324	0.808917	1.00479	0.391391	-0.253626	-0.606988	-0.665319	-0.349411	0.19061	0.00916993	-0.0777124	0.404899	1.30933	1.64827	1.54038	0.881063	1.38731	1.46683	1.78611	1.36674	0.909921	-0.135429	-0.0261356	0.0874561
0.0990144	0.0990144	0.986118	0.976928	0.0261102	-0.483607	-0.287562	0.417281	0.487122	0.740143	0.0610307	-0.0127925	-0.0363792	0.711961	1.36963	1.39138	1.21463	0.331511	-0.268264	0.0107941	0.835408	1.59631	1.85178	1.15888	0.264121	-0.957178	-1.26074	-1.62894	-1.60995	-1.68469	-1.14526	-0.928996	-0.953808	-1.26166	-1.56767	-1.28494	-1.29842	-0.70722	0.169162	1.13315	1.6539	1.86127	1.99299	2.31463	2.75205	2.54498	1.70138	0.728196	0.334881	-0.0296401	0.487735	0.526331	0.139142	-0.522203	-0.860381	-1.21479	-1.14342	-0.870795	-0.595107	-0.603378	-1.22766	-1.08767	-0.845371	-1.08981	-1.19121	-1.01599	-0.716716	-0.302265	0.00436142	0.353873	1.02349	0.855319	0.552981	0.465986	1.11508	1.39781	0.682248	0.279131	-0.46584	-1.24849	-1.49845	-1.4963	-1.44606	-1.19519	-1.14342	-0.789314	-0.925014	-0.967286	-0.410396	0.0071183	0.163648	0.436886	0.438723	0.51806	-0.413766	-0.248046	0.101159	-0.286336	-0.29767	-0.174223	-0.430307	-0.2361	-0.387728	-0.219865	0.207758	0.393082	-0.0109546	-0.841695	-1.06378	-0.869672	0.00282982	0.114024	-0.00697243	0.0778783	0.836633	1.21096	1.70291	1.28815	0.568297
-0.748546	-0.748546	-0.790978	-0.204771	0.284448	1.0197	0.714475	0.0227226	-0.695417	-0.315666	0.51836	0.905599	0.719111	0.36646	0.13647	-0.132387	0.303703	2.11438	3.56457	3.04326	1.68935	0.72446	-0.0514447	-0.598785	-0.551361	-0.355602	-0.674735	-1.11831	-1.37041	-1.17536	-1.18	-1.25345	-1.33761	-1.06554	-0.663325	-0.758887	-0.933251	-0.630877	-0.5535	-0.678301	-0.156634	1.49965	2.25345	1.66831	1.00687	1.30496	1.98673	2.23633	2.64817	2.05163	1.17802	0.111509	-0.704688	-0.804528	-0.470775	-0.252552	-0.538168	-0.777429	-0.966413	-1.26736	-1.28091	-1.29803	-1.25738	-0.999574	-1.00492	-0.867998	-0.541377	-0.465427	-0.072126	0.46844	0.41638	0.453464	0.485199	0.189599	0.0983162	0.142175	0.458812	0.868515	1.07426	0.786147	-0.318518	-0.748903	-0.942166	-0.943592	-0.864433	-0.127751	0.717328	0.657424	0.478067	0.245225	0.279812	-0.130248	-0.267885	-0.295341	0.0170174	-0.595933	-0.688285	-0.086389	0.0116688	-0.0842495	-0.0724826	0.229535	0.426364	-0.209763	-0.673666	-0.651202	-0.306395	-0.196214	-0.531393	-0.927635	-1.33939	-1.2235	-0.987807	-0.164835	0.0141648	-0.0767615	0.334368	1.2201	1.62303
-0.461159	-0.461159	-0.531085	-0.536189	-0.710748	-0.669916	-0.31161	0.200329	1.04454	0.829661	0.0609876	-0.438191	-0.289152	0.0895704	0.579051	1.8617	3.20459	2.51656	2.03728	1.75911	1.64733	1.24871	0.177871	-0.782716	-0.993514	-1.28343	-0.623469	-0.595907	-0.479023	-1.00015	-1.36917	-1.43706	-1.36356	-1.1252	-0.707686	-0.477492	-0.331516	-0.535679	-0.391233	-0.0084278	-0.0232296	-0.657666	-0.584167	0.659695	2.0378	2.81872	2.55382	2.19194	1.52177	1.37886	1.72492	1.361	0.997075	0.0951849	-0.258017	-0.68727	-0.615302	-0.788841	-1.32017	-1.43553	-1.50086	-1.29516	-1.2824	-1.36917	-1.07671	-0.468305	-0.0594685	0.287608	-0.00995902	-0.691863	-1.02312	-0.642864	0.224828	0.720944	0.737277	0.500448	0.138059	0.0227071	0.199818	0.504021	1.72696	1.42633	0.694914	0.385096	0.361107	0.196246	0.306494	0.170725	0.0788519	-0.132457	-0.170737	-0.210039	-0.443805	-0.941963	-0.530064	-0.11102	-0.181456	-0.195747	-0.0548749	0.386117	0.835786	0.0992682	-0.0589581	-0.281496	-0.451461	-1.238	-1.12673	-1.23851	-0.809767	-0.215696	0.058946	-0.103364	-0.816403	-0.774039	-0.521898	-0.421858	-0.318245	-0.115103	0.507594
-0.433319	-0.433319	-0.162664	-0.505901	-1.05264	-1.14353	-0.596119	-0.395333	-0.0249629	0.354225	0.375253	-0.0554879	-0.421109	1.16822	2.79147	2.86948	2.07516	0.772078	0.459367	0.044227	-0.518111	-0.0303896	0.678468	0.593677	0.130375	-0.645637	-1.0289	-1.248	-0.827431	-0.518789	-0.188441	-0.370913	-0.655812	-0.838962	-1.10419	-1.04043	-0.210148	0.3644	0.076787	-0.88441	-0.943425	-0.441459	-0.0317463	0.610635	0.92606	1.17636	2.37362	2.15316	1.11328	0.817526	1.22588	1.53588	2.0989	1.89268	0.966081	-0.252883	-1.02957	-1.20187	-0.874914	-0.685659	-1.10758	-1.36331	-0.995657	-0.698547	-0.0961879	-0.477411	-1.15303	-1.09741	-1.36603	-0.97395	-0.408221	-0.404151	-0.757562	-0.602224	0.628271	0.827701	0.924703	1.05562	0.716455	0.578753	0.799211	1.43684	2.65513	2.7311	1.2754	0.323022	-0.320038	-0.989552	-0.582552	-0.393298	-0.288156	-0.429249	-0.334961	-0.282051	-0.117895	-0.00122128	0.739518	1.13159	0.915885	-0.00325628	-0.202686	-0.514041	-0.465879	-0.750101	-0.8722	-1.09334	-1.05399	-1.13404	-0.970559	-0.552536	-0.0649846	0.33591	0.703566	0.14055	-0.619182	-0.936642	-0.847781	-0.832857	-0.611721
-0.762553	-0.762553	-1.21033	-0.968791	-0.630634	-0.153128	-0.300839	-0.987371	-1.03382	-1.0171	-0.220016	1.57389	3.51457	3.50249	1.57389	-0.136406	-0.250673	-0.0871687	-0.23488	-0.175424	-0.0667307	-0.735612	-0.794139	-0.177282	0.538049	0.742429	0.120928	-0.813648	-0.772772	-1.14623	-0.140122	0.353178	0.0744775	-0.386307	-0.564675	0.0363885	-0.292478	-0.881465	-0.864743	-0.274827	0.28629	0.272355	0.810247	0.677399	-0.294336	-0.556314	-0.713316	-0.0620856	1.33978	2.09784	1.23387	0.958887	0.941236	0.699695	1.04064	1.25524	0.890141	0.0735485	-0.874033	-1.15645	-0.706813	-0.143838	0.0633295	-0.430899	-0.949282	-1.24749	-1.1035	-1.23449	-1.04311	-0.913051	-1.11	-1.04125	-0.661291	-0.794139	-0.868459	-0.280401	1.27475	1.55623	1.64913	1.99101	1.97521	2.18981	1.44568	1.07966	1.52372	1.50049	0.859484	0.106064	-0.33707	-1.00223	-0.782062	-0.381662	0.185029	0.651387	1.35371	1.07873	0.380119	0.0605425	0.520398	0.345746	-0.272969	-0.968791	-1.19175	-1.13694	-1.00781	-1.11186	-0.759766	-0.166134	-0.296194	-0.559256	-0.407674	-0.723535	-0.86753	-0.0249256	0.58357	0.0456785	-0.441118	-1.13415	-0.426254
-0.964046	-0.964046	-0.713355	-0.396389	-0.374778	-0.903534	-1.0721	-1.0721	-0.958283	0.149656	1.97509	2.38858	1.83389	0.615018	0.642393	0.00125814	-0.925145	-1.08507	-1.0649	-0.706151	-0.0664572	0.262034	-0.106798	-0.740729	-0.606739	-0.157225	0.33119	0.52137	0.0228694	-0.387745	-0.765222	-0.920823	-0.406475	0.870032	1.20861	0.132367	-0.599535	-0.592332	-0.343082	-0.158665	0.684175	1.20573	0.394583	-0.693184	-1.111	-1.16719	-0.709033	-0.478512	-0.495801	-0.124087	1.22157	1.48091	0.890202	0.463739	0.676971	0.77206	1.35989	1.38006	1.18412	0.0977885	-0.232144	-0.495801	-0.768103	-0.942434	-1.13261	-1.16719	-1.16719	-1.16719	-1.14702	-1.16719	-1.16719	-1.16719	-1.16719	-1.06922	-0.671573	-0.85743	-0.539024	0.919017	2.4563	2.99658	2.54274	1.05733	0.697141	1.40167	1.14233	1.5443	1.55583	1.3815	0.544422	-0.518853	-0.09095	0.0675327	0.92478	1.49244	0.803757	0.567474	0.620781	0.10067	-0.655725	-0.465545	-0.116884	-0.239347	-0.66581	-0.897771	-0.658606	-0.386304	-0.384863	-0.394949	-0.426645	-0.577804	-0.975572	-0.935231	-0.978453	-1.16143	-1.04185	-0.383423	0.910373	1.71719	1.60193
-0.532011	-0.532011	0.302875	0.397067	-0.433537	-1.00297	-1.00297	-0.865966	1.3133	2.26379	3.15433	0.812369	0.0417053	-0.429256	-0.540574	-0.245153	-0.270842	-0.61764	-1.00297	-1.00297	-0.754647	0.294312	0.499822	1.05641	-0.626203	-0.292249	-0.467789	1.0821	1.36896	-0.41213	-0.626203	-1.00297	0.29003	0.37566	-0.0139537	0.641111	1.5916	0.281467	0.701051	1.60872	1.6601	-0.210901	-0.831714	-0.386441	-1.00297	-1.00297	-0.287968	-0.694707	-0.891654	-1.00297	-0.621922	0.923687	2.45217	1.35183	0.349971	1.16345	1.12063	1.22339	2.22097	2.39223	1.51881	-1.00297	-1.00297	-0.964439	-0.814588	-1.00297	-1.00297	-1.00297	-1.00297	-1.00297	-1.00297	-1.00297	-1.00297	-1.00297	-1.00297	-0.176649	0.906561	0.118772	0.225808	0.752429	2.02402	2.02831	0.739584	0.735303	1.48456	1.43746	0.131616	0.752429	1.08638	0.718177	0.123053	0.653955	0.748147	-0.043924	-0.480634	-0.365034	-0.163805	-0.0781757	-0.998691	-1.00297	-0.925906	-0.403567	-0.407849	-0.690425	-0.506322	-0.728959	-0.724677	-0.93875	-0.767492	-0.98656	-1.00297	-0.913062	-1.00297	-1.00297	-1.00297	-1.00297	0.187275	0.170149	0.264342
-0.467941	-0.467941	-0.467941	-0.467941	-0.467941	-0.467941	-0.467941	-0.467941	-0.467941	-0.467941	-0.467941	-0.467941	-0.467941	-0.467941	-0.467941	-0.467941	-0.467941	-0.467941	-0.467941	-0.467941	-0.467941	0.162556	1.36095	2.83658	3.50732	3.52968	3.44472	3.36423	2.98861	2.78739	2.51462	0.641018	-0.0207798	-0.467941	-0.467941	-0.467941	-0.467941	-0.467941	-0.467941	-0.467941	-0.467941	-0.467941	-0.467941	-0.467941	-0.467941	-0.467941	-0.467941	-0.467941	-0.467941	-0.467941	-0.467941	-0.467941	-0.467941	-0.467941	-0.467941	-0.467941	-0.293548	0.158084	-0.0207798	-0.0654959	-0.0520811	0.25646	0.837769	0.560529	0.39508	-0.0118366	-0.467941	-0.467941	-0.467941	-0.467941	-0.467941	-0.467941	-0.467941	-0.467941	-0.467941	-0.467941	-0.467941	-0.467941	-0.467941	-0.467941	-0.467941	-0.467941	-0.467941	-0.467941	-0.467941	-0.467941	-0.467941	-0.467941	-0.467941	-0.467941	-0.467941	-0.467941	-0.467941	-0.467941	-0.467941	-0.467941	-0.262247	-0.110212	-0.10574	-0.123627	-0.101269	-0.128098	-0.1594	-0.186229	-0.181758	-0.181758	-0.427696	-0.467941	-0.467941	-0.467941	-0.467941	0.287761	1.79022	2.00486	1.89754	1.81705	1.77681	0.48004	-0.467941
-0.266891	-0.266891	-0.264762	-0.215792	-0.360573	-0.409543	-0.435093	-0.448932	-0.462771	-0.482998	-0.516	-0.540485	-0.540485	-0.540485	-0.540485	-0.535162	-0.508548	-0.321184	-0.0773987	0.455949	0.512371	0.381429	0.0609948	-0.193436	-0.260504	-0.0465263	1.17985	2.29126	3.17485	3.45802	3.46441	3.79549	3.46228	2.93852	2.90764	2.69899	2.05812	1.67807	1.17772	0.45382	-0.513871	-0.540485	-0.540485	-0.540485	-0.540485	-0.540485	-0.540485	-0.540485	-0.540485	-0.496838	-0.435093	-0.370154	-0.248794	-0.272214	-0.230696	-0.182791	-0.00394366	-0.0699467	0.0109603	0.0162831	-0.0720759	-0.148725	-0.319055	-0.353121	-0.316926	-0.172145	-0.214728	-0.243471	-0.239213	-0.323313	-0.389316	-0.415931	-0.540485	-0.540485	-0.540485	-0.540485	-0.540485	-0.540485	-0.540485	-0.473417	-0.49045	-0.465965	-0.297764	-0.33183	-0.430834	-0.50216	-0.540485	-0.540485	-0.540485	-0.540485	-0.540485	-0.540485	-0.44148	-0.451061	-0.440416	-0.456384	-0.500031	-0.540485	-0.496838	-0.529839	-0.540485	-0.423382	-0.454255	-0.391446	-0.356315	-0.284989	0.236648	0.26965	0.246229	0.206663	0.218551	-0.0273641	-0.390381	-0.408479	-0.425512	-0.452126	-0.489386	-0.259439	0.0152185
-0.534942	-0.534942	-0.534942	-0.534942	-0.205278	-0.14844	-0.154123	-0.135177	-0.453473	-0.534942	-0.485682	-0.423159	-0.459157	-0.497049	-0.415581	-0.264011	0.277849	0.27406	0.457838	-0.0574979	-0.066971	-0.0328679	1.21947	3.00041	4.65063	5.32322	3.72984	2.16868	0.482468	-0.137072	-0.512206	-0.534942	-0.404213	0.275955	0.202065	0.0561791	0.321426	0.537412	1.01675	1.46577	2.85263	2.66507	1.57187	1.03759	-0.349269	-0.534942	-0.415581	-0.356848	-0.209067	-0.0897064	-0.159807	-0.339796	-0.262117	0.0523899	0.0561791	-0.00634325	-0.356848	-0.534942	-0.534942	-0.534942	-0.534942	-0.534942	-0.534942	-0.498944	-0.51789	-0.379583	0.247536	0.179329	0.0163922	0.00312983	-0.317061	-0.279168	-0.082128	-0.281063	-0.337901	-0.534942	-0.534942	-0.534942	-0.534942	-0.534942	-0.534942	-0.534942	-0.534942	-0.534942	-0.478103	-0.372004	-0.389056	-0.46863	-0.534942	-0.334112	-0.364426	-0.356848	-0.534942	-0.534942	-0.423159	-0.341691	-0.313271	-0.387161	-0.534942	-0.534942	-0.534942	-0.534942	0.00123522	0.205854	0.188802	0.158488	-0.534942	-0.286747	-0.29622	-0.303009	-0.387161	-0.212857	-0.210962	-0.324639	-0.406108	-0.523574	-0.489471	-0.413686	-0.474314
-0.469559	-0.469559	-0.469559	-0.469559	-0.469559	-0.469559	-0.469559	-0.469559	-0.0715544	0.0678925	0.0824182	-0.367879	-0.242958	-0.141278	-0.0657441	0.201529	-0.103511	0.0243153	-0.333017	0.640206	3.62088	5.99438	4.79747	2.64185	0.390363	-0.388215	-0.469559	-0.469559	-0.469559	-0.469559	-0.469559	-0.469559	-0.469559	-0.469559	-0.469559	-0.469559	-0.469559	-0.042503	0.0707976	0.291588	-0.022167	-0.0308824	1.30548	2.00853	3.11829	2.04629	1.64248	0.288683	-0.199381	-0.39112	0.349691	0.375838	-0.00764126	-0.469559	-0.469559	-0.469559	-0.469559	-0.469559	-0.469559	-0.469559	-0.469559	-0.469559	-0.469559	-0.469559	-0.469559	-0.469559	-0.469559	-0.469559	-0.274914	0.11728	0.82323	0.329355	0.187003	-0.0744596	-0.0773647	-0.106416	-0.211001	-0.231337	-0.469559	-0.469559	-0.469559	-0.469559	-0.469559	-0.469559	-0.469559	-0.469559	-0.449223	-0.149993	-0.173234	-0.469559	-0.469559	-0.411456	-0.260389	-0.219717	-0.382405	-0.469559	-0.469559	-0.469559	-0.469559	-0.19357	0.535621	0.582103	-0.161614	-0.460844	-0.152898	-0.109321	-0.0686493	-0.469559	-0.469559	-0.469559	-0.469559	-0.469559	-0.469559	-0.382405	-0.202286	0.0504616	0.146331	0.0824182	-0.29525
-0.405507	-0.405507	-0.405507	-0.405507	-0.405507	-0.405507	-0.405507	-0.405507	-0.405507	-0.405507	-0.386113	0.517631	0.288786	0.350846	-0.405507	-0.246479	-0.382234	2.24367	5.82374	6.02543	2.86814	0.335331	-0.405507	-0.405507	-0.405507	-0.405507	-0.405507	-0.405507	-0.405507	-0.405507	-0.405507	-0.405507	-0.405507	-0.405507	-0.405507	-0.405507	-0.405507	-0.405507	-0.405507	-0.405507	-0.184419	0.478844	0.606842	-0.21157	0.33921	1.95276	1.83252	2.37942	1.77822	1.56877	-0.281387	-0.405507	-0.405507	-0.405507	-0.405507	-0.405507	-0.405507	-0.405507	-0.405507	-0.405507	-0.405507	-0.405507	-0.405507	-0.405507	-0.405507	-0.405507	-0.405507	-0.405507	-0.405507	-0.405507	-0.405507	0.160788	0.218969	0.82793	0.238363	-0.110723	0.269393	0.346967	0.191818	-0.161147	-0.405507	-0.405507	-0.405507	-0.405507	-0.157268	0.0909709	-0.00211863	-0.405507	-0.405507	-0.320175	-0.254236	-0.405507	-0.401628	-0.343447	-0.389992	-0.405507	-0.405507	0.292665	0.610721	0.471087	-0.405507	-0.27363	-0.0292698	0.0211538	-0.405507	-0.405507	-0.370598	-0.401628	-0.405507	-0.405507	-0.405507	-0.405507	-0.339568	-0.281387	-0.405507	-0.405507	-0.351204	-0.30466	0.222848
-0.355514	-0.355514	-0.355514	-0.355514	-0.355514	-0.355514	-0.355514	-0.355514	-0.355514	-0.276847	-0.198179	-0.355514	-0.355514	-0.333038	0.627827	3.90938	7.33702	5.17929	0.925639	-0.355514	-0.355514	-0.355514	-0.355514	-0.355514	-0.355514	-0.355514	-0.355514	-0.355514	-0.355514	-0.355514	-0.355514	-0.355514	-0.355514	-0.355514	-0.355514	-0.355514	-0.355514	-0.355514	-0.248751	-0.0183683	-0.0127492	-0.355514	-0.113893	0.667161	0.30192	0.464874	0.358111	1.40326	1.83593	1.18974	0.768305	0.459255	0.122109	-0.355514	-0.355514	-0.355514	-0.355514	-0.355514	-0.355514	-0.355514	-0.355514	-0.355514	-0.355514	-0.355514	-0.355514	-0.355514	-0.355514	-0.355514	-0.355514	-0.355514	-0.355514	-0.355514	-0.355514	-0.333038	0.492969	0.0546799	0.285063	0.217634	0.155824	0.380587	0.386206	-0.141988	0.105252	0.279444	-0.0857974	-0.355514	-0.355514	-0.355514	-0.355514	-0.355514	-0.355514	-0.321799	-0.355514	-0.355514	-0.355514	0.414302	0.998688	0.105252	-0.355514	0.11649	0.200776	-0.0296065	-0.355514	-0.355514	-0.355514	-0.355514	-0.355514	-0.355514	-0.355514	-0.355514	-0.349895	-0.259989	-0.355514	-0.355514	-0.355514	-0.355514	-0.355514	-0.355514	-0.355514
-0.338702	-0.338702	-0.338702	-0.338702	-0.338702	-0.338702	-0.338702	-0.338702	-0.338702	-0.338702	-0.338702	-0.338702	-0.0511384	3.53175	7.80635	4.47994	0.943677	0.523989	-0.323158	-0.338702	-0.338702	-0.338702	-0.338702	-0.338702	-0.338702	-0.338702	-0.338702	-0.338702	-0.338702	-0.338702	-0.338702	-0.338702	-0.338702	-0.338702	-0.338702	-0.338702	0.135389	0.531761	0.0732135	-0.338702	-0.299842	-0.0511384	-0.128858	0.384093	0.632797	0.251969	0.0188095	-0.229894	-0.338702	0.663885	2.52916	1.73642	0.0732135	0.376321	0.158705	-0.338702	-0.338702	-0.338702	-0.338702	-0.338702	-0.338702	-0.338702	-0.338702	-0.338702	-0.338702	-0.338702	-0.338702	-0.338702	-0.338702	-0.338702	-0.338702	-0.338702	-0.338702	-0.338702	-0.276526	-0.338702	0.578393	0.516217	0.166477	-0.105542	0.213109	1.0758	0.314145	-0.191034	-0.338702	-0.338702	-0.338702	-0.338702	-0.338702	-0.338702	-0.338702	-0.338702	-0.338702	0.283057	0.492901	-0.307614	-0.338702	0.454041	0.430725	-0.315386	-0.338702	-0.338702	-0.338702	-0.338702	-0.338702	-0.338702	-0.338702	-0.338702	-0.338702	-0.338702	-0.338702	-0.338702	-0.338702	-0.338702	-0.338702	-0.338702	-0.338702	-0.338702	-0.338702
-0.295303	-0.295303	-0.295303	-0.295303	-0.295303	-0.295303	-0.295303	-0.295303	-0.295303	-0.295303	-0.190561	2.24994	7.89555	5.06751	-0.117241	-0.295303	-0.295303	-0.295303	0.762595	0.574059	-0.295303	-0.295303	-0.295303	-0.295303	-0.295303	-0.295303	-0.295303	-0.295303	-0.295303	-0.295303	-0.295303	-0.295303	-0.295303	-0.295303	-0.117241	0.720698	0.47979	-0.295303	-0.295303	-0.295303	-0.201035	-0.00202443	0.615955	0.364574	-0.295303	-0.295303	-0.295303	-0.211509	-0.295303	-0.295303	-0.295303	0.647378	2.54321	1.96713	-0.190561	0.20746	-0.221983	-0.295303	-0.295303	-0.295303	-0.295303	-0.295303	-0.295303	-0.295303	-0.295303	-0.295303	-0.295303	-0.295303	-0.295303	-0.295303	-0.295303	-0.295303	-0.295303	-0.295303	-0.295303	-0.221983	-0.295303	-0.295303	0.993028	1.3701	0.0817695	-0.295303	-0.295303	-0.295303	-0.295303	-0.295303	-0.295303	-0.295303	-0.295303	-0.295303	-0.295303	-0.295303	0.375048	-0.211509	-0.211509	0.595007	0.668327	-0.295303	-0.295303	-0.295303	-0.295303	-0.295303	-0.295303	-0.295303	-0.295303	-0.295303	-0.295303	-0.295303	-0.295303	-0.295303	-0.295303	-0.295303	-0.295303	-0.295303	-0.295303	-0.295303	-0.295303	-0.295303	-0.295303
-0.230571	-0.230571	-0.230571	-0.230571	-0.230571	-0.230571	-0.230571	-0.230571	-0.230571	-0.230571	7.04429	6.89912	0.253344	-0.230571	-0.230571	-0.230571	-0.230571	-0.230571	-0.230571	-0.230571	0.704998	0.301735	-0.230571	-0.230571	-0.230571	-0.230571	-0.230571	-0.230571	-0.230571	-0.230571	-0.230571	-0.230571	-0.230571	0.108169	0.930826	-0.230571	-0.230571	-0.230571	-0.230571	-0.230571	0.43078	0.592085	-0.230571	-0.230571	-0.230571	-0.230571	-0.230571	-0.230571	-0.230571	-0.230571	-0.230571	-0.230571	-0.230571	0.608215	3.46332	-0.230571	-0.230571	-0.230571	-0.230571	-0.230571	-0.230571	-0.230571	-0.230571	-0.230571	-0.230571	-0.230571	-0.230571	-0.230571	-0.230571	-0.230571	-0.230571	-0.230571	-0.230571	-0.230571	-0.230571	-0.230571	-0.230571	0.350127	0.0759083	-0.230571	0.479171	0.414649	-0.230571	-0.230571	-0.230571	-0.230571	-0.230571	-0.230571	-0.230571	-0.230571	-0.230571	-0.230571	-0.230571	0.317866	0.543693	-0.230571	-0.230571	-0.230571	-0.230571	-0.230571	-0.230571	-0.230571	-0.230571	-0.230571	-0.230571	-0.230571	-0.230571	-0.230571	-0.230571	-0.230571	-0.230571	-0.230571	-0.230571	-0.230571	-0.230571	-0.230571	-0.230571	-0.230571	-0.230571
-0.0916698	-0.0916698	-0.0916698	-0.0916698	-0.0916698	-0.0916698	-0.0916698	-0.0916698	-0.0916698	-0.0916698	10.817	-0.0916698	-0.0916698	-0.0916698	-0.0916698	-0.0916698	-0.0916698	-0.0916698	-0.0916698	-0.0916698	-0.0916698	-0.0916698	-0.0916698	-0.0916698	-0.0916698	-0.0916698	-0.0916698	-0.0916698	-0.0916698	-0.0916698	-0.0916698	-0.0916698	-0.0916698	-0.0916698	-0.0916698	-0.0916698	-0.0916698	-0.0916698	-0.0916698	-0.0916698	-0.0916698	-0.0916698	-0.0916698	-0.0916698	-0.0916698	-0.0916698	-0.0916698	-0.0916698	-0.0916698	-0.0916698	-0.0916698	-0.0916698	-0.0916698	-0.0916698	-0.0916698	-0.0916698	-0.0916698	-0.0916698	-0.0916698	-0.0916698	-0.0916698	-0.0916698	-0.0916698	-0.0916698	-0.0916698	-0.0916698	-0.0916698	-0.0916698	-0.0916698	-0.0916698	-0.0916698	-0.0916698	-0.0916698	-0.0916698	-0.0916698	-0.0916698	-0.0916698	-0.0916698	-0.0916698	-0.0916698	-0.0916698	-0.0916698	-0.0916698	-0.0916698	-0.0916698	-0.0916698	-0.0916698	-0.0916698	-0.0916698	-0.0916698	-0.0916698	-0.0916698	-0.0916698	-0.0916698	-0.0916698	-0.0916698	-0.0916698	-0.0916698	-0.0916698	-0.0916698	-0.0916698	-0.0916698	-0.0916698	-0.0916698	-0.0916698	-0.0916698	-0.0916698	-0.0916698	-0.0916698	-0.0916698	-0.0916698	-0.0916698	-0.0916698	-0.0916698	-0.0916698	-0.0916698	-0.0916698	-0.0916698	-0.0916698
-0.374112	-0.374112	-0.374112	-0.374112	-0.374112	-0.374112	-0.374112	-0.374112	-0.374112	-0.374112	-0.374112	-0.374112	-0.374112	-0.374112	-0.374112	-0.374112	-0.374112	-0.374112	-0.374112	-0.374112	-0.374112	-0.143889	1.41011	1.35256	1.06478	0.805779	0.287778	0.40289	0.489223	0.345334	0.40289	0.345334	-0.201445	-0.374112	-0.374112	-0.374112	-0.374112	-0.374112	-0.374112	-0.374112	-0.374112	-0.374112	-0.374112	-0.374112	-0.374112	-0.374112	-0.374112	-0.374112	-0.374112	-0.374112	-0.374112	-0.374112	-0.374112	-0.374112	-0.374112	-0.374112	-0.374112	-0.143889	-0.230223	-0.287778	-0.201445	-0.374112	1.35256	1.23745	1.20867	0.546779	-0.374112	-0.374112	-0.374112	-0.374112	-0.374112	-0.374112	-0.374112	-0.374112	-0.374112	-0.374112	-0.374112	-0.374112	-0.374112	-0.374112	-0.374112	-0.374112	-0.374112	-0.374112	-0.374112	-0.374112	-0.374112	-0.374112	-0.374112	-0.374112	-0.374112	-0.374112	-0.374112	-0.374112	-0.374112	-0.374112	-0.0863335	0.143889	-0.287778	-0.0575556	-0.316556	-0.374112	-0.374112	-0.374112	-0.374112	-0.374112	-0.374112	-0.374112	-0.374112	-0.374112	-0.374112	0.172667	4.20156	4.23034	4.37423	4.25912	4.2879	1.58278	-0.374112
0.444861	0.444861	0.424945	0.345282	-0.540966	-0.540966	-0.540966	-0.540966	-0.540966	-0.540966	-0.540966	-0.540966	-0.540966	-0.540966	-0.540966	-0.540966	-0.540966	-0.2024	-0.182484	-0.381641	-0.172526	-0.232273	-0.540966	-0.540966	-0.540966	-0.540966	1.91862	2.4663	2.06799	1.96841	3.08369	3.44217	3.21314	3.12352	2.91441	2.79491	2.75508	2.3966	0.365198	0.0465467	-0.540966	-0.540966	-0.540966	-0.540966	-0.540966	-0.540966	-0.540966	-0.540966	-0.540966	-0.540966	-0.540966	-0.540966	-0.451346	-0.540966	-0.471261	-0.371683	0.295493	0.235746	0.126209	0.166041	0.0963359	0.116252	-0.540966	-0.540966	-0.540966	-0.401556	-0.122737	-0.172526	-0.252189	-0.301978	-0.321894	-0.351767	-0.540966	-0.540966	-0.540966	-0.540966	-0.540966	-0.540966	-0.540966	-0.540966	-0.540966	-0.540966	-0.540966	-0.540966	-0.540966	-0.540966	-0.540966	-0.540966	-0.540966	-0.540966	-0.540966	-0.540966	-0.282062	-0.282062	-0.361725	-0.381641	-0.491177	-0.540966	-0.540966	-0.540966	-0.540966	-0.540966	-0.540966	-0.501135	-0.441388	-0.521051	0.873048	0.952711	0.883006	0.970137	0.932795	0.803343	-0.540966	-0.540966	-0.540966	-0.540966	-0.540966	0.49465	1.11204
-0.470108	-0.470108	-0.470108	-0.470108	0.4698	0.50642	0.518626	0.494213	-0.421281	-0.470108	-0.470108	-0.470108	-0.470108	-0.470108	-0.384661	-0.262596	-0.238182	-0.470108	-0.470108	-0.470108	-0.470108	-0.470108	0.787171	3.86323	3.86323	4.92521	2.00783	0.909237	0.384354	0.420974	-0.470108	-0.470108	-0.470108	-0.0794967	-0.0917033	-0.250389	-0.470108	-0.128323	2.23976	2.81347	3.28952	3.30173	0.50642	0.0669824	-0.201563	-0.470108	-0.470108	-0.470108	-0.470108	-0.274802	-0.323629	-0.311422	0.262288	0.286701	0.347734	0.347734	-0.470108	-0.470108	-0.470108	-0.470108	-0.470108	-0.470108	-0.470108	-0.470108	-0.470108	-0.470108	-0.0794967	0.201255	0.323321	0.164635	-0.470108	-0.299215	-0.250389	-0.445694	-0.311422	-0.470108	-0.470108	-0.470108	-0.470108	-0.470108	-0.470108	-0.470108	-0.470108	-0.470108	-0.470108	-0.470108	-0.470108	-0.470108	-0.470108	-0.128323	-0.14053	-0.116116	-0.470108	-0.470108	-0.470108	-0.470108	-0.470108	-0.470108	-0.470108	-0.470108	-0.470108	-0.470108	0.921444	1.0313	1.12896	1.26323	-0.470108	-0.470108	-0.470108	-0.470108	-0.470108	-0.470108	-0.470108	-0.470108	-0.470108	-0.470108	-0.470108	-0.470108	-0.470108
-0.352468	-0.352468	-0.352468	-0.352468	-0.352468	-0.352468	-0.352468	-0.352468	0.513791	0.611595	0.471875	-0.310552	-0.352468	-0.184805	-0.254665	-0.352468	-0.352468	-0.352468	-0.352468	1.00281	5.15247	5.45985	4.57962	1.35211	0.667482	-0.352468	-0.352468	-0.352468	-0.352468	-0.352468	-0.352468	-0.352468	-0.352468	-0.352468	-0.352468	-0.352468	-0.352468	-0.352468	-0.352468	-0.352468	-0.352468	-0.324524	2.67944	2.86107	2.62355	0.164493	0.0247737	0.0527176	-0.254665	-0.352468	0.332156	0.443931	-0.282609	-0.352468	-0.352468	-0.352468	-0.352468	-0.352468	-0.352468	-0.352468	-0.352468	-0.352468	-0.352468	-0.352468	-0.352468	-0.352468	-0.352468	-0.352468	-0.352468	-0.352468	0.499819	0.178465	0.0946334	-0.324524	-0.254665	-0.352468	-0.352468	-0.352468	-0.352468	-0.352468	-0.352468	-0.352468	-0.352468	-0.352468	-0.352468	-0.352468	-0.352468	-0.0031701	0.0527176	-0.352468	-0.352468	-0.352468	-0.352468	-0.352468	-0.352468	-0.352468	-0.352468	-0.352468	-0.352468	-0.0311139	0.946921	1.29622	-0.324524	-0.352468	-0.0730297	-0.184805	-0.352468	-0.352468	-0.352468	-0.352468	-0.352468	-0.352468	-0.352468	-0.352468	-0.352468	-0.352468	-0.352468	-0.352468	-0.352468
-0.328241	-0.328241	-0.328241	-0.328241	-0.328241	-0.328241	-0.328241	-0.328241	-0.328241	-0.328241	-0.328241	0.74042	0.565945	0.565945	-0.328241	-0.328241	-0.328241	2.15803	5.99648	5.58211	0.173376	0.282423	-0.328241	-0.328241	-0.328241	-0.328241	-0.328241	-0.328241	-0.328241	-0.328241	-0.328241	-0.328241	-0.328241	-0.328241	-0.328241	-0.328241	-0.328241	-0.328241	-0.328241	-0.328241	-0.328241	-0.328241	-0.328241	-0.328241	-0.284622	3.88097	3.77193	0.980323	1.06756	1.08937	-0.328241	-0.328241	-0.328241	-0.328241	-0.328241	-0.328241	-0.328241	-0.328241	-0.328241	-0.328241	-0.328241	-0.328241	-0.328241	-0.328241	-0.328241	-0.328241	-0.328241	-0.328241	-0.328241	-0.328241	-0.328241	-0.00109963	0.0207098	0.326041	-0.153765	-0.197384	0.173376	-0.328241	-0.328241	-0.328241	-0.328241	-0.328241	-0.328241	-0.328241	-0.0665278	0.238804	0.129757	-0.328241	-0.328241	-0.328241	-0.328241	-0.328241	-0.328241	-0.328241	-0.328241	-0.328241	-0.328241	0.544135	0.893086	1.04575	-0.328241	-0.241003	0.0425192	0.216994	-0.328241	-0.328241	-0.328241	-0.328241	-0.328241	-0.328241	-0.328241	-0.328241	-0.328241	-0.328241	-0.328241	-0.328241	-0.328241	-0.328241	-0.328241
-0.270471	-0.270471	-0.270471	-0.270471	-0.270471	-0.270471	-0.270471	-0.270471	-0.270471	-0.270471	-0.270471	-0.270471	-0.270471	-0.270471	0.862841	1.54283	5.49323	4.61896	0.344755	-0.270471	-0.270471	-0.270471	-0.270471	-0.270471	-0.270471	-0.270471	-0.270471	-0.270471	-0.270471	-0.270471	-0.270471	-0.270471	-0.270471	-0.270471	-0.270471	-0.270471	-0.270471	-0.270471	-0.270471	-0.270471	-0.270471	-0.270471	-0.270471	-0.270471	-0.270471	0.344755	0.700939	4.94276	4.65134	2.99994	-0.0114284	-0.076189	-0.270471	-0.270471	-0.270471	-0.270471	-0.270471	-0.270471	-0.270471	-0.270471	-0.270471	-0.270471	-0.270471	-0.270471	-0.270471	-0.270471	-0.270471	-0.270471	-0.270471	-0.270471	-0.270471	-0.270471	-0.270471	-0.270471	-0.270471	-0.270471	-0.270471	-0.270471	-0.270471	-0.270471	-0.270471	-0.270471	-0.238091	-0.0438087	-0.17333	-0.270471	-0.270471	-0.270471	-0.270471	-0.270471	-0.270471	-0.270471	-0.270471	-0.270471	-0.270471	0.0857127	0.441896	-0.270471	-0.270471	0.0533323	0.118093	0.118093	-0.270471	-0.270471	-0.270471	-0.270471	-0.270471	-0.270471	-0.270471	-0.270471	-0.270471	-0.270471	-0.270471	-0.270471	-0.270471	-0.270471	-0.270471	-0.270471	-0.270471
-0.207635	-0.207635	-0.207635	-0.207635	-0.207635	-0.207635	-0.207635	-0.207635	-0.207635	-0.207635	-0.207635	-0.207635	-0.207635	-0.153803	3.56055	4.36802	0.0615214	-0.207635	-0.207635	-0.207635	-0.207635	-0.207635	-0.207635	-0.207635	-0.207635	-0.207635	-0.207635	-0.207635	-0.207635	-0.207635	-0.207635	-0.207635	-0.207635	-0.207635	-0.207635	-0.207635	-0.207635	-0.207635	-0.207635	-0.207635	-0.207635	-0.207635	-0.207635	-0.207635	0.43834	0.169184	-0.207635	-0.207635	-0.207635	2.10711	6.95192	5.33698	-0.207635	-0.207635	-0.207635	-0.207635	-0.207635	-0.207635	-0.207635	-0.207635	-0.207635	-0.207635	-0.207635	-0.207635	-0.207635	-0.207635	-0.207635	-0.207635	-0.207635	-0.207635	-0.207635	-0.207635	-0.207635	-0.207635	-0.207635	-0.207635	-0.207635	-0.207635	-0.207635	-0.207635	-0.207635	-0.207635	-0.207635	-0.207635	-0.207635	-0.207635	-0.207635	-0.207635	-0.207635	-0.207635	-0.207635	-0.207635	-0.207635	-0.207635	-0.207635	-0.207635	-0.207635	-0.207635	-0.207635	-0.207635	-0.207635	-0.207635	-0.207635	-0.207635	-0.207635	-0.207635	-0.207635	-0.207635	-0.207635	-0.207635	-0.207635	-0.207635	-0.207635	-0.207635	-0.207635	-0.207635	-0.207635	-0.207635	-0.207635
-0.196543	-0.196543	-0.196543	-0.196543	-0.196543	-0.196543	-0.196543	-0.196543	-0.196543	-0.196543	-0.196543	0.0985816	4.08277	4.52546	-0.196543	-0.196543	-0.196543	-0.196543	-0.196543	-0.196543	-0.196543	-0.196543	-0.196543	-0.196543	-0.196543	-0.196543	-0.196543	-0.196543	-0.196543	-0.196543	-0.196543	-0.196543	-0.196543	-0.196543	-0.196543	-0.196543	-0.196543	-0.196543	-0.196543	-0.196543	-0.196543	-0.196543	-0.196543	-0.196543	-0.196543	-0.196543	-0.196543	-0.196543	-0.196543	-0.196543	-0.196543	1.27908	6.36999	5.85352	-0.196543	-0.196543	-0.196543	-0.196543	-0.196543	-0.196543	-0.196543	-0.196543	-0.196543	-0.196543	-0.196543	-0.196543	-0.196543	-0.196543	-0.196543	-0.196543	-0.196543	-0.196543	-0.196543	-0.196543	-0.196543	-0.196543	-0.196543	-0.196543	-0.196543	-0.196543	-0.196543	-0.196543	-0.196543	-0.196543	-0.196543	-0.196543	-0.196543	-0.196543	-0.196543	-0.196543	-0.196543	-0.196543	-0.196543	-0.196543	-0.196543	-0.196543	-0.196543	-0.196543	-0.196543	-0.196543	-0.196543	-0.196543	-0.196543	-0.196543	-0.196543	-0.196543	-0.196543	-0.196543	-0.196543	-0.196543	-0.196543	-0.196543	-0.196543	-0.196543	-0.196543	-0.196543	-0.196543	-0.196543	-0.196543
-0.170453	-0.170453	-0.170453	-0.170453	-0.170453	-0.170453	-0.170453	-0.170453	-0.170453	-0.170453	2.38099	5.82543	-0.170453	-0.170453	-0.170453	-0.170453	-0.170453	-0.170453	-0.170453	-0.170453	-0.170453	-0.170453	-0.170453	-0.170453	-0.170453	-0.170453	-0.170453	-0.170453	-0.170453	-0.170453	-0.170453	-0.170453	-0.170453	-0.170453	-0.170453	-0.170453	-0.170453	-0.170453	-0.170453	-0.170453	-0.170453	-0.170453	-0.170453	-0.170453	-0.170453	-0.170453	-0.170453	-0.170453	-0.170453	-0.170453	-0.170453	-0.170453	-0.170453	0.0846907	8.12173	3.01885	-0.170453	-0.170453	-0.170453	-0.170453	-0.170453	-0.170453	-0.170453	-0.170453	-0.170453	-0.170453	-0.170453	-0.170453	-0.170453	-0.170453	-0.170453	-0.170453	-0.170453	-0.170453	-0.170453	-0.170453	-0.170453	-0.170453	-0.170453	-0.170453	-0.170453	-0.170453	-0.170453	-0.170453	-0.170453	-0.170453	-0.170453	-0.170453	-0.170453	-0.170453	-0.170453	-0.170453	-0.170453	-0.170453	-0.170453	-0.170453	-0.170453	-0.170453	-0.170453	-0.170453	-0.170453	-0.170453	-0.170453	-0.170453	-0.170453	-0.170453	-0.170453	-0.170453	-0.170453	-0.170453	-0.170453	-0.170453	-0.170453	-0.170453	-0.170453	-0.170453	-0.170453	-0.170453	-0.170453
-0.11625	-0.11625	-0.11625	-0.11625	-0.11625	-0.11625	-0.11625	-0.11625	-0.11625	-0.11625	10.2591	-0.11625	-0.11625	-0.11625	-0.11625	-0.11625	-0.11625	-0.11625	-0.11625	-0.11625	-0.11625	-0.11625	-0.11625	-0.11625	-0.11625	-0.11625	-0.11625	-0.11625	-0.11625	-0.11625	-0.11625	-0.11625	-0.11625	-0.11625	-0.11625	-0.11625	-0.11625	-0.11625	-0.11625	-0.11625	-0.11625	-0.11625	-0.11625	-0.11625	-0.11625	-0.11625	-0.11625	-0.11625	-0.11625	-0.11625	-0.11625	-0.11625	-0.11625	-0.11625	-0.11625	3.34219	-0.11625	-0.11625	-0.11625	-0.11625	-0.11625	-0.11625	-0.11625	-0.11625	-0.11625	-0.11625	-0.11625	-0.11625	-0.11625	-0.11625	-0.11625	-0.11625	-0.11625	-0.11625	-0.11625	-0.11625	-0.11625	-0.11625	-0.11625	-0.11625	-0.11625	-0.11625	-0.11625	-0.11625	-0.11625	-0.11625	-0.11625	-0.11625	-0.11625	-0.11625	-0.11625	-0.11625	-0.11625	-0.11625	-0.11625	-0.11625	-0.11625	-0.11625	-0.11625	-0.11625	-0.11625	-0.11625	-0.11625	-0.11625	-0.11625	-0.11625	-0.11625	-0.11625	-0.11625	-0.11625	-0.11625	-0.11625	-0.11625	-0.11625	-0.11625	-0.11625	-0.11625	-0.11625	-0.11625
